{
  "enable": true,
  "range": 1200,
  "time": 45,
  "spawncoord": {
    "x": -80.9000015258789,
    "y": -1102.1300048828126,
    "z": 26.17000007629394,
    "w": 250.30999755859376
  }
}
